episode,source,target,value
1,PADME,R2-D2,11
1,QUI-GON,R2-D2,14
1,ANAKIN,R2-D2,16
1,R2-D2,WATTO,3
1,C-3PO,R2-D2,2
1,KITSTER,R2-D2,2
1,NUTE GUNRAY,QUI-GON,1
1,PK-4,TC-14,1
1,OBI-WAN,TC-14,1
1,QUI-GON,TC-14,1
1,OBI-WAN,QUI-GON,26
1,NUTE GUNRAY,TC-14,1
1,DOFINE,NUTE GUNRAY,1
1,DOFINE,TC-14,1
1,NUTE GUNRAY,RUNE,8
1,RUNE,TEY HOW,2
1,NUTE GUNRAY,TEY HOW,1
1,CAPTAIN PANAKA,EMPEROR,3
1,EMPEROR,SIO BIBBLE,1
1,CAPTAIN PANAKA,SIO BIBBLE,3
1,JAR JAR,QUI-GON,22
1,JAR JAR,OBI-WAN,12
1,JAR JAR,TARPALS,2
1,BOSS NASS,QUI-GON,2
1,BOSS NASS,OBI-WAN,2
1,BOSS NASS,JAR JAR,2
1,EMPEROR,NUTE GUNRAY,5
1,EMPEROR,RUNE,3
1,NUTE GUNRAY,SIO BIBBLE,2
1,JAR JAR,SIO BIBBLE,1
1,CAPTAIN PANAKA,JAR JAR,7
1,QUI-GON,SIO BIBBLE,2
1,CAPTAIN PANAKA,QUI-GON,9
1,CAPTAIN PANAKA,PADME,7
1,PADME,QUI-GON,16
1,PADME,SIO BIBBLE,1
1,CAPTAIN PANAKA,OBI-WAN,7
1,OBI-WAN,RIC OLIE,3
1,JAR JAR,RIC OLIE,1
1,QUI-GON,RIC OLIE,2
1,CAPTAIN PANAKA,RIC OLIE,2
1,JAR JAR,PADME,9
1,QUI-GON,WATTO,6
1,ANAKIN,WATTO,4
1,PADME,WATTO,3
1,ANAKIN,QUI-GON,22
1,ANAKIN,PADME,16
1,JAR JAR,SEBULBA,2
1,ANAKIN,SEBULBA,2
1,QUI-GON,SEBULBA,2
1,PADME,SEBULBA,2
1,ANAKIN,JAR JAR,8
1,ANAKIN,JIRA,2
1,JIRA,QUI-GON,2
1,JIRA,PADME,1
1,ANAKIN,SHMI,7
1,JAR JAR,SHMI,3
1,QUI-GON,SHMI,8
1,PADME,SHMI,5
1,ANAKIN,C-3PO,3
1,C-3PO,PADME,2
1,OBI-WAN,SIO BIBBLE,1
1,DARTH MAUL,EMPEROR,3
1,ANAKIN,KITSTER,3
1,ANAKIN,WALD,2
1,KITSTER,WALD,1
1,JAR JAR,KITSTER,1
1,KITSTER,QUI-GON,2
1,JAR JAR,WALD,1
1,QUI-GON,WALD,2
1,ANAKIN,OBI-WAN,5
1,OBI-WAN,SHMI,1
1,C-3PO,WATTO,1
1,KITSTER,WATTO,1
1,C-3PO,QUI-GON,1
1,C-3PO,KITSTER,1
1,KITSTER,PADME,1
1,FODE/BEED,JABBA,1
1,JABBA,SHMI,1
1,SEBULBA,SHMI,1
1,ANAKIN,JABBA,1
1,JABBA,JAR JAR,1
1,JABBA,PADME,1
1,JABBA,SEBULBA,1
1,JABBA,QUI-GON,1
1,FODE/BEED,JAR JAR,2
1,FODE/BEED,PADME,1
1,GREEDO,QUI-GON,1
1,ANAKIN,GREEDO,1
1,GREEDO,WALD,1
1,KITSTER,SHMI,1
1,ANAKIN,CAPTAIN PANAKA,2
1,ANAKIN,RIC OLIE,4
1,EMPEROR,VALORUM,2
1,EMPEROR,JAR JAR,2
1,EMPEROR,QUI-GON,1
1,JAR JAR,VALORUM,1
1,QUI-GON,VALORUM,1
1,MACE WINDU,QUI-GON,2
1,KI-ADI-MUNDI,QUI-GON,2
1,QUI-GON,YODA,2
1,QUI-GON,RABE,1
1,KI-ADI-MUNDI,MACE WINDU,3
1,MACE WINDU,YODA,4
1,ANAKIN,MACE WINDU,3
1,MACE WINDU,RABE,1
1,KI-ADI-MUNDI,YODA,3
1,ANAKIN,KI-ADI-MUNDI,2
1,KI-ADI-MUNDI,RABE,1
1,ANAKIN,YODA,3
1,RABE,YODA,1
1,ANAKIN,RABE,1
1,BAIL ORGANA,EMPEROR,1
1,BAIL ORGANA,VALORUM,1
1,OBI-WAN,YODA,3
1,MACE WINDU,OBI-WAN,2
1,KI-ADI-MUNDI,OBI-WAN,1
1,BOSS NASS,PADME,2
1,DARTH MAUL,NUTE GUNRAY,3
1,ANAKIN,BOSS NASS,1
1,BOSS NASS,CAPTAIN PANAKA,1
1,OBI-WAN,PADME,1
1,EMPEROR,GENERAL CEEL,1
1,GENERAL CEEL,NUTE GUNRAY,1
1,DARTH MAUL,GENERAL CEEL,1
1,DARTH MAUL,RUNE,1
1,BRAVO TWO,RIC OLIE,4
1,ANAKIN,BRAVO TWO,2
1,GENERAL CEEL,JAR JAR,1
1,NUTE GUNRAY,PADME,1
1,DOFINE,TEY HOW,1
1,BRAVO THREE,BRAVO TWO,2
1,BRAVO THREE,RIC OLIE,2
1,ANAKIN,BRAVO THREE,1
1,EMPEROR,PADME,1
2,PADME,R2-D2,7
2,ANAKIN,R2-D2,7
2,C-3PO,R2-D2,3
2,EMPEROR,SENATOR ASK AAK,2
2,EMPEROR,ORN FREE TAA,2
2,ORN FREE TAA,SENATOR ASK AAK,1
2,EMPEROR,MACE WINDU,2
2,EMPEROR,YODA,2
2,EMPEROR,KI-ADI-MUNDI,1
2,BAIL ORGANA,EMPEROR,2
2,MACE WINDU,YODA,8
2,KI-ADI-MUNDI,MACE WINDU,1
2,BAIL ORGANA,MACE WINDU,2
2,KI-ADI-MUNDI,YODA,1
2,BAIL ORGANA,YODA,2
2,BAIL ORGANA,KI-ADI-MUNDI,1
2,JAR JAR,OBI-WAN,3
2,ANAKIN,JAR JAR,3
2,ANAKIN,OBI-WAN,13
2,CAPTAIN TYPHO,JAR JAR,1
2,CAPTAIN TYPHO,OBI-WAN,2
2,ANAKIN,CAPTAIN TYPHO,2
2,JAR JAR,PADME,1
2,ANAKIN,PADME,16
2,OBI-WAN,PK-4,1
2,ANAKIN,SIO BIBBLE,1
2,PADME,SOLA,1
2,ANAKIN,SOLA,1
2,JOBAL,SOLA,2
2,RUWEE,SOLA,1
2,JOBAL,PADME,1
2,PADME,RUWEE,1
2,ANAKIN,JOBAL,1
2,ANAKIN,RUWEE,3
2,JOBAL,RUWEE,1
2,OBI-WAN,YODA,5
2,MACE WINDU,OBI-WAN,4
2,OBI-WAN,TAUN WE,5
2,LAMA SU,TAUN WE,2
2,LAMA SU,OBI-WAN,6
2,BOBA FETT,TAUN WE,2
2,BOBA FETT,JANGO FETT,3
2,BOBA FETT,OBI-WAN,1
2,JANGO FETT,TAUN WE,1
2,JANGO FETT,OBI-WAN,1
2,ANAKIN,WATTO,1
2,ANAKIN,C-3PO,3
2,C-3PO,PADME,5
2,C-3PO,OWEN,2
2,BERU,C-3PO,1
2,C-3PO,CLIEGG,1
2,ANAKIN,OWEN,3
2,ANAKIN,BERU,1
2,ANAKIN,CLIEGG,2
2,BERU,OWEN,1
2,OWEN,PADME,4
2,CLIEGG,OWEN,2
2,BERU,PADME,1
2,BERU,CLIEGG,1
2,CLIEGG,PADME,2
2,ANAKIN,SHMI,1
2,BAIL ORGANA,OBI-WAN,1
2,EMPEROR,OBI-WAN,1
2,OBI-WAN,SENATOR ASK AAK,1
2,BAIL ORGANA,SENATOR ASK AAK,1
2,BAIL ORGANA,JAR JAR,1
2,EMPEROR,JAR JAR,2
2,SENATOR ASK AAK,YODA,1
2,JAR JAR,YODA,1
2,MACE WINDU,SENATOR ASK AAK,1
2,JAR JAR,MACE WINDU,1
2,JAR JAR,SENATOR ASK AAK,1
2,OBI-WAN,PADME,2
2,ANAKIN,MACE WINDU,1
2,MACE WINDU,PADME,2
2,JAR JAR,ORN FREE TAA,1
2,COUNT DOOKU,PADME,3
2,COUNT DOOKU,JANGO FETT,1
2,POGGLE,SUN RIT,2
2,NUTE GUNRAY,SUN RIT,2
2,NUTE GUNRAY,POGGLE,2
2,OBI-WAN,SUN RIT,1
2,OBI-WAN,POGGLE,1
2,NUTE GUNRAY,OBI-WAN,1
2,COUNT DOOKU,OBI-WAN,2
2,ANAKIN,SUN RIT,1
2,ANAKIN,POGGLE,1
2,ANAKIN,NUTE GUNRAY,1
2,ANAKIN,COUNT DOOKU,2
2,PADME,SUN RIT,1
2,COUNT DOOKU,SUN RIT,1
2,PADME,POGGLE,1
2,COUNT DOOKU,POGGLE,1
2,NUTE GUNRAY,PADME,1
2,COUNT DOOKU,NUTE GUNRAY,1
2,COUNT DOOKU,MACE WINDU,2
2,KI-ADI-MUNDI,PLO KOON,1
2,COUNT DOOKU,YODA,2
2,PADME,YODA,1
2,ANAKIN,YODA,1
2,COUNT DOOKU,EMPEROR,1
3,EMPEROR,R2-D2,2
3,OBI-WAN,R2-D2,12
3,ANAKIN,R2-D2,9
3,C-3PO,R2-D2,5
3,BAIL ORGANA,R2-D2,4
3,PADME,R2-D2,4
3,R2-D2,YODA,1
3,CAPTAIN ANTILLES,R2-D2,1
3,ANAKIN,OBI-WAN,28
3,OBI-WAN,ODD BALL,2
3,ANAKIN,ODD BALL,2
3,EMPEROR,OBI-WAN,4
3,COUNT DOOKU,OBI-WAN,1
3,ANAKIN,EMPEROR,14
3,ANAKIN,COUNT DOOKU,1
3,COUNT DOOKU,EMPEROR,1
3,GENERAL GRIEVOUS,OBI-WAN,2
3,ANAKIN,GENERAL GRIEVOUS,1
3,ANAKIN,BAIL ORGANA,2
3,ANAKIN,C-3PO,4
3,BAIL ORGANA,OBI-WAN,7
3,C-3PO,OBI-WAN,3
3,BAIL ORGANA,EMPEROR,3
3,C-3PO,EMPEROR,2
3,BAIL ORGANA,C-3PO,3
3,BAIL ORGANA,PADME,5
3,ANAKIN,PADME,9
3,ANAKIN,YODA,5
3,BAIL ORGANA,FANG ZAR,2
3,BAIL ORGANA,MON MOTHMA,2
3,BAIL ORGANA,GIDDEAN DANU,1
3,FANG ZAR,PADME,2
3,FANG ZAR,MON MOTHMA,2
3,FANG ZAR,GIDDEAN DANU,1
3,MON MOTHMA,PADME,2
3,GIDDEAN DANU,PADME,1
3,GIDDEAN DANU,MON MOTHMA,1
3,ANAKIN,MACE WINDU,5
3,MACE WINDU,YODA,4
3,MACE WINDU,OBI-WAN,3
3,OBI-WAN,YODA,11
3,CAPTAIN TYPHO,PADME,2
3,C-3PO,PADME,5
3,C-3PO,CAPTAIN TYPHO,2
3,ANAKIN,CAPTAIN TYPHO,1
3,CLONE COMMANDER GREE,YODA,1
3,OBI-WAN,PADME,6
3,CLONE COMMANDER CODY,OBI-WAN,2
3,ANAKIN,JAR JAR,1
3,EMPEROR,JAR JAR,1
3,OBI-WAN,TION MEDON,1
3,GENERAL GRIEVOUS,NUTE GUNRAY,1
3,EMPEROR,PADME,4
3,ANAKIN,CLONE COMMANDER CODY,1
3,CLONE COMMANDER CODY,MACE WINDU,1
3,CLONE COMMANDER CODY,YODA,1
3,EMPEROR,MACE WINDU,1
3,BAIL ORGANA,CAPTAIN ANTILLES,2
3,BAIL ORGANA,YODA,6
3,EMPEROR,NUTE GUNRAY,1
3,QUI-GON,YODA,1
3,BAIL ORGANA,QUI-GON,1
3,C-3PO,YODA,1
3,DARTH VADER,EMPEROR,1
3,C-3PO,CAPTAIN ANTILLES,1
4,CHEWBACCA,R2-D2,3
4,C-3PO,R2-D2,17
4,BERU,R2-D2,1
4,LUKE,R2-D2,14
4,OWEN,R2-D2,1
4,OBI-WAN,R2-D2,4
4,LEIA,R2-D2,5
4,BIGGS,R2-D2,1
4,HAN,R2-D2,6
4,CHEWBACCA,OBI-WAN,4
4,C-3PO,CHEWBACCA,4
4,CHEWBACCA,LUKE,14
4,CHEWBACCA,HAN,19
4,CHEWBACCA,LEIA,8
4,CAMIE,LUKE,2
4,BIGGS,CAMIE,2
4,BIGGS,LUKE,4
4,DARTH VADER,LEIA,1
4,BERU,LUKE,3
4,BERU,OWEN,3
4,BERU,C-3PO,2
4,LUKE,OWEN,3
4,C-3PO,LUKE,18
4,C-3PO,OWEN,2
4,C-3PO,LEIA,6
4,LEIA,LUKE,17
4,BERU,LEIA,1
4,LUKE,OBI-WAN,19
4,C-3PO,OBI-WAN,6
4,LEIA,OBI-WAN,1
4,MOTTI,TARKIN,2
4,DARTH VADER,MOTTI,1
4,DARTH VADER,TARKIN,7
4,HAN,OBI-WAN,9
4,HAN,LUKE,26
4,GREEDO,HAN,1
4,HAN,JABBA,1
4,C-3PO,HAN,6
4,LEIA,MOTTI,1
4,LEIA,TARKIN,1
4,HAN,LEIA,13
4,DARTH VADER,OBI-WAN,1
4,DODONNA,GOLD LEADER,1
4,DODONNA,WEDGE,1
4,DODONNA,LUKE,1
4,GOLD LEADER,WEDGE,1
4,GOLD LEADER,LUKE,1
4,LUKE,WEDGE,2
4,BIGGS,LEIA,1
4,LEIA,RED LEADER,1
4,LUKE,RED LEADER,3
4,BIGGS,RED LEADER,3
4,BIGGS,C-3PO,1
4,C-3PO,RED LEADER,1
4,RED LEADER,WEDGE,3
4,GOLD LEADER,RED LEADER,1
4,BIGGS,WEDGE,2
4,RED LEADER,RED TEN,1
4,BIGGS,GOLD LEADER,1
4,LUKE,RED TEN,1
5,CHEWBACCA,R2-D2,5
5,C-3PO,R2-D2,10
5,LUKE,R2-D2,7
5,HAN,R2-D2,4
5,LEIA,R2-D2,5
5,LANDO,R2-D2,1
5,CHEWBACCA,HAN,19
5,C-3PO,CHEWBACCA,21
5,CHEWBACCA,LUKE,5
5,CHEWBACCA,LEIA,19
5,CHEWBACCA,RIEEKAN,1
5,CHEWBACCA,LANDO,9
5,CHEWBACCA,DARTH VADER,1
5,BOBA FETT,CHEWBACCA,1
5,HAN,LUKE,4
5,HAN,RIEEKAN,3
5,LEIA,RIEEKAN,4
5,HAN,LEIA,33
5,C-3PO,HAN,27
5,C-3PO,DERLIN,1
5,LUKE,OBI-WAN,2
5,HAN,OBI-WAN,1
5,HAN,ZEV,1
5,C-3PO,LUKE,1
5,C-3PO,LEIA,23
5,LEIA,LUKE,1
5,C-3PO,RIEEKAN,1
5,OZZEL,PIETT,2
5,DARTH VADER,PIETT,7
5,DARTH VADER,OZZEL,2
5,DERLIN,LEIA,1
5,DACK,LUKE,3
5,LUKE,WEDGE,2
5,JANSON,WEDGE,2
5,LUKE,ZEV,1
5,DARTH VADER,NEEDA,1
5,NEEDA,PIETT,1
5,DARTH VADER,EMPEROR,1
5,LUKE,YODA,5
5,BOBA FETT,PIETT,1
5,BOBA FETT,DARTH VADER,3
5,HAN,LANDO,7
5,LANDO,LEIA,10
5,C-3PO,LANDO,7
5,OBI-WAN,YODA,1
5,DARTH VADER,LANDO,4
5,DARTH VADER,HAN,2
5,BOBA FETT,LANDO,2
5,BOBA FETT,C-3PO,1
5,C-3PO,DARTH VADER,1
5,BOBA FETT,HAN,1
5,BOBA FETT,LEIA,1
5,DARTH VADER,LEIA,1
5,DARTH VADER,LUKE,2
5,LANDO,LUKE,2
6,CHEWBACCA,R2-D2,8
6,C-3PO,R2-D2,14
6,LANDO,R2-D2,2
6,JABBA,R2-D2,2
6,LUKE,R2-D2,8
6,HAN,R2-D2,9
6,LEIA,R2-D2,12
6,MON MOTHMA,R2-D2,1
6,C-3PO,CHEWBACCA,13
6,CHEWBACCA,LANDO,6
6,CHEWBACCA,HAN,20
6,CHEWBACCA,LUKE,10
6,CHEWBACCA,LEIA,14
6,CHEWBACCA,MON MOTHMA,1
6,DARTH VADER,JERJERROD,1
6,BIB FORTUNA,C-3PO,2
6,C-3PO,JABBA,3
6,C-3PO,LUKE,10
6,JABBA,LUKE,2
6,BOUSHH,JABBA,1
6,BOUSHH,C-3PO,2
6,BOUSHH,HAN,1
6,BOUSHH,LEIA,1
6,HAN,LEIA,18
6,C-3PO,HAN,18
6,C-3PO,LEIA,15
6,BIB FORTUNA,LUKE,1
6,BIB FORTUNA,JABBA,1
6,HAN,LUKE,13
6,LEIA,LUKE,8
6,LANDO,LUKE,4
6,HAN,LANDO,5
6,LANDO,LEIA,2
6,DARTH VADER,EMPEROR,5
6,LUKE,YODA,1
6,LUKE,OBI-WAN,1
6,HAN,MON MOTHMA,1
6,ADMIRAL ACKBAR,HAN,1
6,LANDO,MON MOTHMA,1
6,ADMIRAL ACKBAR,LANDO,5
6,C-3PO,LANDO,1
6,ADMIRAL ACKBAR,MON MOTHMA,1
6,C-3PO,MON MOTHMA,1
6,LEIA,MON MOTHMA,1
6,LUKE,MON MOTHMA,1
6,ADMIRAL ACKBAR,C-3PO,1
6,ADMIRAL ACKBAR,LEIA,1
6,ADMIRAL ACKBAR,LUKE,1
6,DARTH VADER,PIETT,1
6,DARTH VADER,LUKE,5
6,EMPEROR,LUKE,3
6,LANDO,WEDGE,6
6,ADMIRAL ACKBAR,WEDGE,1
6,ANAKIN,DARTH VADER,1
6,ANAKIN,LUKE,1
7,CHEWBACCA,R2-D2,1
7,BB-8,R2-D2,2
7,BB-8,CHEWBACCA,9
7,C-3PO,R2-D2,2
7,CHEWBACCA,FINN,20
7,CHEWBACCA,REY,13
7,CHEWBACCA,HAN,24
7,BALA-TIK,CHEWBACCA,1
7,CHEWBACCA,MAZ,2
7,CHEWBACCA,POE,2
7,CHEWBACCA,KYLO REN,3
7,C-3PO,CHEWBACCA,2
7,CHEWBACCA,LEIA,3
7,CAPTAIN PHASMA,CHEWBACCA,1
7,BB-8,POE,8
7,BB-8,LOR SAN TEKKA,2
7,BB-8,REY,17
7,BB-8,UNKAR PLUTT,1
7,BB-8,FINN,15
7,BB-8,HAN,10
7,BALA-TIK,BB-8,1
7,BB-8,MAZ,3
7,BB-8,LEIA,3
7,BB-8,C-3PO,5
7,LOR SAN TEKKA,POE,3
7,KYLO REN,LOR SAN TEKKA,1
7,KYLO REN,POE,2
7,CAPTAIN PHASMA,KYLO REN,1
7,CAPTAIN PHASMA,LOR SAN TEKKA,1
7,CAPTAIN PHASMA,POE,1
7,CAPTAIN PHASMA,FINN,3
7,GENERAL HUX,KYLO REN,5
7,REY,UNKAR PLUTT,2
7,FINN,POE,11
7,GENERAL HUX,LIEUTENANT MITAKA,1
7,KYLO REN,LIEUTENANT MITAKA,2
7,CAPTAIN PHASMA,GENERAL HUX,1
7,FINN,REY,29
7,HAN,REY,17
7,FINN,HAN,23
7,BALA-TIK,HAN,2
7,BALA-TIK,REY,1
7,BALA-TIK,FINN,1
7,GENERAL HUX,SNOKE,3
7,KYLO REN,SNOKE,2
7,HAN,MAZ,4
7,FINN,MAZ,2
7,MAZ,REY,2
7,HAN,POE,2
7,C-3PO,HAN,3
7,C-3PO,LEIA,5
7,HAN,LEIA,5
7,LEIA,POE,3
7,FINN,LEIA,3
7,KYLO REN,REY,4
7,POE,SNAP,2
7,ADMIRAL ACKBAR,POE,1
7,C-3PO,POE,2
7,ADMIRAL STATURA,POE,1
7,HAN,SNAP,1
7,ADMIRAL ACKBAR,SNAP,1
7,FINN,SNAP,1
7,LEIA,SNAP,1
7,C-3PO,SNAP,1
7,ADMIRAL STATURA,SNAP,1
7,ADMIRAL ACKBAR,HAN,1
7,ADMIRAL STATURA,HAN,1
7,ADMIRAL ACKBAR,FINN,1
7,ADMIRAL ACKBAR,LEIA,1
7,ADMIRAL ACKBAR,C-3PO,1
7,ADMIRAL ACKBAR,ADMIRAL STATURA,1
7,C-3PO,FINN,1
7,ADMIRAL STATURA,FINN,1
7,ADMIRAL STATURA,LEIA,2
7,ADMIRAL STATURA,C-3PO,2
7,CAPTAIN PHASMA,HAN,2
7,COLONEL DATOO,GENERAL HUX,1
7,ELLO ASTY,POE,3
7,JESS,SNAP,1
7,HAN,KYLO REN,3
7,FINN,KYLO REN,2
7,JESS,NIV LEK,2
7,NIV LEK,YOLO ZIFF,1
7,NIV LEK,POE,2
7,ELLO ASTY,NIV LEK,2
7,JESS,YOLO ZIFF,1
7,JESS,POE,2
7,ELLO ASTY,JESS,2
7,POE,YOLO ZIFF,1
7,ELLO ASTY,YOLO ZIFF,1
7,LEIA,REY,1
7,LUKE,REY,1
all,CHEWBACCA,R2-D2,17
all,BB-8,R2-D2,2
all,BB-8,CHEWBACCA,8
all,OBI-WAN,R2-D2,28
all,PADME,R2-D2,24
all,QUI-GON,R2-D2,13
all,ANAKIN,R2-D2,30
all,R2-D2,WATTO,3
all,C-3PO,R2-D2,55
all,KITSTER,R2-D2,2
all,JABBA,R2-D2,4
all,EMPEROR,R2-D2,5
all,CAPTAIN TYPHO,R2-D2,1
all,BERU,R2-D2,1
all,OWEN,R2-D2,2
all,BAIL ORGANA,R2-D2,3
all,R2-D2,YODA,5
all,LUKE,R2-D2,34
all,LEIA,R2-D2,23
all,CAPTAIN ANTILLES,R2-D2,1
all,BIGGS,R2-D2,1
all,DARTH VADER,R2-D2,2
all,HAN,R2-D2,18
all,LANDO,R2-D2,5
all,CHEWBACCA,OBI-WAN,6
all,C-3PO,CHEWBACCA,39
all,CHEWBACCA,LUKE,32
all,CHEWBACCA,HAN,77
all,CHEWBACCA,JABBA,3
all,CHEWBACCA,LEIA,48
all,CHEWBACCA,DARTH VADER,2
all,CHEWBACCA,RIEEKAN,1
all,CHEWBACCA,LANDO,20
all,BOBA FETT,CHEWBACCA,2
all,CHEWBACCA,FINN,20
all,CHEWBACCA,REY,13
all,BALA-TIK,CHEWBACCA,1
all,CHEWBACCA,MAZ,2
all,CHEWBACCA,POE,2
all,CHEWBACCA,KYLO REN,3
all,CAPTAIN PHASMA,CHEWBACCA,1
all,BB-8,POE,8
all,BB-8,LOR SAN TEKKA,2
all,BB-8,REY,17
all,BB-8,UNKAR PLUTT,1
all,BB-8,FINN,15
all,BB-8,HAN,9
all,BALA-TIK,BB-8,1
all,BB-8,MAZ,3
all,BB-8,LEIA,3
all,BB-8,C-3PO,3
all,NUTE GUNRAY,QUI-GON,1
all,PK-4,TC-14,1
all,OBI-WAN,TC-14,1
all,QUI-GON,TC-14,1
all,OBI-WAN,QUI-GON,26
all,NUTE GUNRAY,TC-14,1
all,DOFINE,NUTE GUNRAY,1
all,DOFINE,TC-14,1
all,NUTE GUNRAY,RUNE,8
all,RUNE,TEY HOW,2
all,NUTE GUNRAY,TEY HOW,1
all,CAPTAIN PANAKA,EMPEROR,3
all,EMPEROR,SIO BIBBLE,1
all,CAPTAIN PANAKA,SIO BIBBLE,3
all,JAR JAR,QUI-GON,22
all,JAR JAR,OBI-WAN,15
all,JAR JAR,TARPALS,2
all,BOSS NASS,QUI-GON,2
all,BOSS NASS,OBI-WAN,2
all,BOSS NASS,JAR JAR,2
all,EMPEROR,NUTE GUNRAY,6
all,EMPEROR,RUNE,3
all,NUTE GUNRAY,SIO BIBBLE,2
all,JAR JAR,SIO BIBBLE,1
all,CAPTAIN PANAKA,JAR JAR,7
all,QUI-GON,SIO BIBBLE,2
all,CAPTAIN PANAKA,QUI-GON,9
all,CAPTAIN PANAKA,PADME,7
all,PADME,QUI-GON,16
all,PADME,SIO BIBBLE,1
all,CAPTAIN PANAKA,OBI-WAN,7
all,OBI-WAN,RIC OLIE,3
all,JAR JAR,RIC OLIE,1
all,QUI-GON,RIC OLIE,2
all,CAPTAIN PANAKA,RIC OLIE,2
all,JAR JAR,PADME,10
all,QUI-GON,WATTO,6
all,ANAKIN,WATTO,5
all,PADME,WATTO,3
all,ANAKIN,QUI-GON,22
all,ANAKIN,PADME,41
all,JAR JAR,SEBULBA,2
all,ANAKIN,SEBULBA,2
all,QUI-GON,SEBULBA,2
all,PADME,SEBULBA,2
all,ANAKIN,JAR JAR,12
all,ANAKIN,JIRA,2
all,JIRA,QUI-GON,2
all,JIRA,PADME,1
all,ANAKIN,SHMI,8
all,JAR JAR,SHMI,3
all,QUI-GON,SHMI,8
all,PADME,SHMI,5
all,ANAKIN,C-3PO,10
all,C-3PO,PADME,12
all,OBI-WAN,SIO BIBBLE,1
all,DARTH MAUL,EMPEROR,3
all,ANAKIN,KITSTER,3
all,ANAKIN,WALD,2
all,KITSTER,WALD,1
all,JAR JAR,KITSTER,1
all,KITSTER,QUI-GON,2
all,JAR JAR,WALD,1
all,QUI-GON,WALD,2
all,ANAKIN,OBI-WAN,46
all,OBI-WAN,SHMI,1
all,C-3PO,WATTO,1
all,KITSTER,WATTO,1
all,C-3PO,QUI-GON,1
all,C-3PO,KITSTER,1
all,KITSTER,PADME,1
all,FODE/BEED,JABBA,1
all,JABBA,SHMI,1
all,SEBULBA,SHMI,1
all,ANAKIN,JABBA,1
all,JABBA,JAR JAR,1
all,JABBA,PADME,1
all,JABBA,SEBULBA,1
all,JABBA,QUI-GON,1
all,FODE/BEED,JAR JAR,2
all,FODE/BEED,PADME,1
all,GREEDO,QUI-GON,1
all,ANAKIN,GREEDO,1
all,GREEDO,WALD,1
all,KITSTER,SHMI,1
all,ANAKIN,CAPTAIN PANAKA,2
all,ANAKIN,RIC OLIE,4
all,EMPEROR,VALORUM,2
all,EMPEROR,JAR JAR,5
all,EMPEROR,QUI-GON,1
all,JAR JAR,VALORUM,1
all,QUI-GON,VALORUM,1
all,MACE WINDU,QUI-GON,2
all,KI-ADI-MUNDI,QUI-GON,2
all,QUI-GON,YODA,3
all,QUI-GON,RABE,1
all,KI-ADI-MUNDI,MACE WINDU,4
all,MACE WINDU,YODA,16
all,ANAKIN,MACE WINDU,9
all,MACE WINDU,RABE,1
all,KI-ADI-MUNDI,YODA,4
all,ANAKIN,KI-ADI-MUNDI,2
all,KI-ADI-MUNDI,RABE,1
all,ANAKIN,YODA,9
all,RABE,YODA,1
all,ANAKIN,RABE,1
all,BAIL ORGANA,EMPEROR,6
all,BAIL ORGANA,VALORUM,1
all,OBI-WAN,YODA,20
all,MACE WINDU,OBI-WAN,9
all,KI-ADI-MUNDI,OBI-WAN,1
all,BOSS NASS,PADME,2
all,DARTH MAUL,NUTE GUNRAY,3
all,ANAKIN,BOSS NASS,1
all,BOSS NASS,CAPTAIN PANAKA,1
all,OBI-WAN,PADME,9
all,EMPEROR,GENERAL CEEL,1
all,GENERAL CEEL,NUTE GUNRAY,1
all,DARTH MAUL,GENERAL CEEL,1
all,DARTH MAUL,RUNE,1
all,BRAVO TWO,RIC OLIE,4
all,ANAKIN,BRAVO TWO,2
all,GENERAL CEEL,JAR JAR,1
all,NUTE GUNRAY,PADME,2
all,DOFINE,TEY HOW,1
all,BRAVO THREE,BRAVO TWO,2
all,BRAVO THREE,RIC OLIE,2
all,ANAKIN,BRAVO THREE,1
all,EMPEROR,PADME,5
all,EMPEROR,SENATOR ASK AAK,2
all,EMPEROR,ORN FREE TAA,2
all,ORN FREE TAA,SENATOR ASK AAK,1
all,EMPEROR,MACE WINDU,3
all,EMPEROR,YODA,2
all,EMPEROR,KI-ADI-MUNDI,1
all,BAIL ORGANA,MACE WINDU,2
all,BAIL ORGANA,YODA,8
all,BAIL ORGANA,KI-ADI-MUNDI,1
all,CAPTAIN TYPHO,JAR JAR,1
all,CAPTAIN TYPHO,OBI-WAN,2
all,ANAKIN,CAPTAIN TYPHO,3
all,OBI-WAN,PK-4,1
all,ANAKIN,SIO BIBBLE,1
all,PADME,SOLA,1
all,ANAKIN,SOLA,1
all,JOBAL,SOLA,2
all,RUWEE,SOLA,1
all,JOBAL,PADME,1
all,PADME,RUWEE,1
all,ANAKIN,JOBAL,1
all,ANAKIN,RUWEE,3
all,JOBAL,RUWEE,1
all,OBI-WAN,TAUN WE,5
all,LAMA SU,TAUN WE,2
all,LAMA SU,OBI-WAN,6
all,BOBA FETT,TAUN WE,2
all,BOBA FETT,JANGO FETT,3
all,BOBA FETT,OBI-WAN,1
all,JANGO FETT,TAUN WE,1
all,JANGO FETT,OBI-WAN,1
all,C-3PO,OWEN,4
all,BERU,C-3PO,3
all,C-3PO,CLIEGG,1
all,ANAKIN,OWEN,3
all,ANAKIN,BERU,1
all,ANAKIN,CLIEGG,2
all,BERU,OWEN,4
all,OWEN,PADME,4
all,CLIEGG,OWEN,2
all,BERU,PADME,1
all,BERU,CLIEGG,1
all,CLIEGG,PADME,2
all,BAIL ORGANA,OBI-WAN,8
all,EMPEROR,OBI-WAN,5
all,OBI-WAN,SENATOR ASK AAK,1
all,BAIL ORGANA,SENATOR ASK AAK,1
all,BAIL ORGANA,JAR JAR,1
all,SENATOR ASK AAK,YODA,1
all,JAR JAR,YODA,1
all,MACE WINDU,SENATOR ASK AAK,1
all,JAR JAR,MACE WINDU,1
all,JAR JAR,SENATOR ASK AAK,1
all,MACE WINDU,PADME,2
all,JAR JAR,ORN FREE TAA,1
all,COUNT DOOKU,PADME,3
all,COUNT DOOKU,JANGO FETT,1
all,POGGLE,SUN RIT,2
all,NUTE GUNRAY,SUN RIT,2
all,NUTE GUNRAY,POGGLE,2
all,OBI-WAN,SUN RIT,1
all,OBI-WAN,POGGLE,1
all,NUTE GUNRAY,OBI-WAN,1
all,COUNT DOOKU,OBI-WAN,3
all,ANAKIN,SUN RIT,1
all,ANAKIN,POGGLE,1
all,ANAKIN,NUTE GUNRAY,1
all,ANAKIN,COUNT DOOKU,3
all,PADME,SUN RIT,1
all,COUNT DOOKU,SUN RIT,1
all,PADME,POGGLE,1
all,COUNT DOOKU,POGGLE,1
all,COUNT DOOKU,NUTE GUNRAY,1
all,COUNT DOOKU,MACE WINDU,2
all,KI-ADI-MUNDI,PLO KOON,1
all,COUNT DOOKU,YODA,2
all,PADME,YODA,1
all,COUNT DOOKU,EMPEROR,2
all,OBI-WAN,ODD BALL,2
all,ANAKIN,ODD BALL,2
all,ANAKIN,EMPEROR,14
all,GENERAL GRIEVOUS,OBI-WAN,2
all,ANAKIN,GENERAL GRIEVOUS,1
all,ANAKIN,BAIL ORGANA,2
all,C-3PO,OBI-WAN,9
all,C-3PO,EMPEROR,2
all,BAIL ORGANA,C-3PO,3
all,BAIL ORGANA,PADME,5
all,BAIL ORGANA,FANG ZAR,2
all,BAIL ORGANA,MON MOTHMA,2
all,BAIL ORGANA,GIDDEAN DANU,1
all,FANG ZAR,PADME,2
all,FANG ZAR,MON MOTHMA,2
all,FANG ZAR,GIDDEAN DANU,1
all,MON MOTHMA,PADME,2
all,GIDDEAN DANU,PADME,1
all,GIDDEAN DANU,MON MOTHMA,1
all,CAPTAIN TYPHO,PADME,2
all,C-3PO,CAPTAIN TYPHO,2
all,CLONE COMMANDER GREE,YODA,1
all,CLONE COMMANDER CODY,OBI-WAN,2
all,OBI-WAN,TION MEDON,1
all,GENERAL GRIEVOUS,NUTE GUNRAY,1
all,ANAKIN,CLONE COMMANDER CODY,1
all,CLONE COMMANDER CODY,MACE WINDU,1
all,CLONE COMMANDER CODY,YODA,1
all,BAIL ORGANA,CAPTAIN ANTILLES,2
all,BAIL ORGANA,QUI-GON,1
all,C-3PO,YODA,1
all,DARTH VADER,EMPEROR,7
all,C-3PO,CAPTAIN ANTILLES,1
all,CAMIE,LUKE,2
all,BIGGS,CAMIE,2
all,BIGGS,LUKE,4
all,DARTH VADER,LEIA,2
all,BERU,LUKE,3
all,LUKE,OWEN,3
all,C-3PO,LUKE,29
all,C-3PO,LEIA,49
all,LEIA,LUKE,26
all,BERU,LEIA,1
all,LUKE,OBI-WAN,22
all,LEIA,OBI-WAN,1
all,MOTTI,TARKIN,2
all,DARTH VADER,MOTTI,1
all,DARTH VADER,TARKIN,7
all,HAN,OBI-WAN,10
all,HAN,LUKE,43
all,GREEDO,HAN,1
all,HAN,JABBA,1
all,C-3PO,HAN,54
all,LEIA,MOTTI,1
all,LEIA,TARKIN,1
all,HAN,LEIA,69
all,DARTH VADER,OBI-WAN,1
all,DODONNA,GOLD LEADER,1
all,DODONNA,WEDGE,1
all,DODONNA,LUKE,1
all,GOLD LEADER,WEDGE,1
all,GOLD LEADER,LUKE,1
all,LUKE,WEDGE,4
all,BIGGS,LEIA,1
all,LEIA,RED LEADER,1
all,LUKE,RED LEADER,3
all,BIGGS,RED LEADER,3
all,BIGGS,C-3PO,1
all,C-3PO,RED LEADER,1
all,RED LEADER,WEDGE,3
all,GOLD LEADER,RED LEADER,1
all,BIGGS,WEDGE,2
all,RED LEADER,RED TEN,1
all,BIGGS,GOLD LEADER,1
all,LUKE,RED TEN,1
all,HAN,RIEEKAN,3
all,LEIA,RIEEKAN,4
all,C-3PO,DERLIN,1
all,HAN,ZEV,1
all,C-3PO,RIEEKAN,1
all,OZZEL,PIETT,2
all,DARTH VADER,PIETT,8
all,DARTH VADER,OZZEL,2
all,DERLIN,LEIA,1
all,DACK,LUKE,3
all,JANSON,WEDGE,2
all,LUKE,ZEV,1
all,DARTH VADER,NEEDA,1
all,NEEDA,PIETT,1
all,LUKE,YODA,6
all,BOBA FETT,PIETT,1
all,BOBA FETT,DARTH VADER,3
all,HAN,LANDO,12
all,LANDO,LEIA,12
all,C-3PO,LANDO,8
all,DARTH VADER,LANDO,4
all,DARTH VADER,HAN,2
all,BOBA FETT,LANDO,2
all,BOBA FETT,C-3PO,1
all,C-3PO,DARTH VADER,1
all,BOBA FETT,HAN,1
all,BOBA FETT,LEIA,1
all,DARTH VADER,LUKE,7
all,LANDO,LUKE,6
all,DARTH VADER,JERJERROD,1
all,BIB FORTUNA,C-3PO,2
all,C-3PO,JABBA,3
all,JABBA,LUKE,2
all,BOUSHH,JABBA,1
all,BOUSHH,C-3PO,2
all,BOUSHH,HAN,1
all,BOUSHH,LEIA,1
all,BIB FORTUNA,LUKE,1
all,BIB FORTUNA,JABBA,1
all,HAN,MON MOTHMA,1
all,ADMIRAL ACKBAR,HAN,2
all,LANDO,MON MOTHMA,1
all,ADMIRAL ACKBAR,LANDO,5
all,ADMIRAL ACKBAR,MON MOTHMA,1
all,C-3PO,MON MOTHMA,1
all,LEIA,MON MOTHMA,1
all,LUKE,MON MOTHMA,1
all,ADMIRAL ACKBAR,C-3PO,2
all,ADMIRAL ACKBAR,LEIA,2
all,ADMIRAL ACKBAR,LUKE,1
all,EMPEROR,LUKE,3
all,LANDO,WEDGE,6
all,ADMIRAL ACKBAR,WEDGE,1
all,ANAKIN,DARTH VADER,1
all,ANAKIN,LUKE,1
all,LOR SAN TEKKA,POE,3
all,KYLO REN,LOR SAN TEKKA,1
all,KYLO REN,POE,2
all,CAPTAIN PHASMA,KYLO REN,1
all,CAPTAIN PHASMA,LOR SAN TEKKA,1
all,CAPTAIN PHASMA,POE,1
all,CAPTAIN PHASMA,FINN,3
all,GENERAL HUX,KYLO REN,5
all,REY,UNKAR PLUTT,2
all,FINN,POE,11
all,GENERAL HUX,LIEUTENANT MITAKA,1
all,KYLO REN,LIEUTENANT MITAKA,2
all,CAPTAIN PHASMA,GENERAL HUX,1
all,FINN,REY,29
all,HAN,REY,17
all,FINN,HAN,23
all,BALA-TIK,HAN,2
all,BALA-TIK,REY,1
all,BALA-TIK,FINN,1
all,GENERAL HUX,SNOKE,3
all,KYLO REN,SNOKE,2
all,HAN,MAZ,4
all,FINN,MAZ,2
all,MAZ,REY,2
all,HAN,POE,2
all,LEIA,POE,3
all,FINN,LEIA,3
all,KYLO REN,REY,4
all,POE,SNAP,2
all,ADMIRAL ACKBAR,POE,1
all,C-3PO,POE,2
all,ADMIRAL STATURA,POE,1
all,HAN,SNAP,1
all,ADMIRAL ACKBAR,SNAP,1
all,FINN,SNAP,1
all,LEIA,SNAP,1
all,C-3PO,SNAP,1
all,ADMIRAL STATURA,SNAP,1
all,ADMIRAL STATURA,HAN,1
all,ADMIRAL ACKBAR,FINN,1
all,ADMIRAL ACKBAR,ADMIRAL STATURA,1
all,C-3PO,FINN,1
all,ADMIRAL STATURA,FINN,1
all,ADMIRAL STATURA,LEIA,2
all,ADMIRAL STATURA,C-3PO,2
all,CAPTAIN PHASMA,HAN,2
all,COLONEL DATOO,GENERAL HUX,1
all,ELLO ASTY,POE,3
all,JESS,SNAP,1
all,HAN,KYLO REN,3
all,FINN,KYLO REN,2
all,JESS,NIV LEK,2
all,NIV LEK,YOLO ZIFF,1
all,NIV LEK,POE,2
all,ELLO ASTY,NIV LEK,2
all,JESS,YOLO ZIFF,1
all,JESS,POE,2
all,ELLO ASTY,JESS,2
all,POE,YOLO ZIFF,1
all,ELLO ASTY,YOLO ZIFF,1
all,LEIA,REY,1
all,LUKE,REY,1
